"RelativePath","Bytes","SHA256"
"behavior_sources\figs_code\2A_3A-D_stats_bar_260610.Rmd","57834","51FFCC9CF0D113C31385CD4AA9DC7BC06D398BE81613146A45260C9BDBE27329"
"behavior_sources\figs_code\2B_var_ttest_cloudrain_260613.Rmd","45379","94F967CB70D408EA701C999FD0A7457538B0008EA9B906DE5A45365108472CEE"
"behavior_sources\figs_code\2C_situation_stats_bar_260613.Rmd","26828","41DC2055FCFC3D2E0A0F5F6E05EE16D231ADE992A2D2099B228C1983F8127F3F"
"behavior_sources\figs_code\3E_var_differ_allexps_260614.Rmd","9988","B90D8619E959A165DD8E30659F9D434E84C332F438703D5F3E1267C5F4F95824"
"behavior_sources\figs_code\3G_descri_stats_bar_EXP5_6_CMPD_260620.Rmd","40511","06352FAB575FF74528FA7F9249973219B58BA53EE73362D4D3043CC3FF54DF2E"
"behavior_sources\figs_code\3I_var_differ_EXP5_CMPD_260613.Rmd","20122","6AEC99F9A7492E4C2F0F2FEC7AE753CBD39E553B06E8D9F4935059CB3EC54596"
"behavior_sources\figs_code\3I_var_differ_EXP5-6_CMPD_260618.Rmd","16767","B9691138BB1126560A2357A5A7DC4F96785738C87F192173012323EACAEA5EDE"
"behavior_sources\figs_code\8_third-party_250615.Rmd","30729","243DAD6202F225725722E5A270893DF46F4DB78F5660FEF88791E71BA00B9157"
"behavior_sources\figs_code\G_descri_situation_diff_bar_EXP2-2_CMPD_260607.Rmd","38743","6551398A076844D9B5A92FE5CC82A95254A0A6C3DF3CF5BF7EC915A0BD2771D5"
"behavior_sources\figs_code\G_descri_situation_diff_bar_EXP5_CMPD_260621.Rmd","15183","62CB98B16339838014B76F45B11D6C4328B341410BC97D3EEB45C6FE507F0205"
"behavior_sources\figs_code\pattern_expression_fig_260620.Rmd","13462","BE137061650D272805185542016E0755733C2C54D7CF9A143ACF0B5862E70DA0"
"behavior_sources\figs_code\plot_theme-EXP6.R","5496","2C1533EDA961B65A2D5FDF918A37AAA909DDE63A184EEBC91AA4F7A6C6222D62"
"behavior_sources\figs_code\plot_theme.R","4959","01389C427C8F3E6B63A67567B0693C86845611E3DC9E422EC0CFE5729B0853BE"
"behavior_sources\figs_code\roi_mvpa_fig_260620.Rmd","19250","ECEB436FC508D06818B3473974C36F0565FC75F434250CA025291D728961991B"
"behavior_sources\figs_code\RUN_INSTRUCTIONS.md","845","5A8F2CA82E2A3D9E643CFDEBD635D439F46860E166B0DAEDFB810A6E3671F37C"
"behavior_sources\figs_code\save_pub.R","4554","D44E2DD40EC0B47678E44D6EA9D90A9671FA3F2CEA8E2E9D97BF9D2986C89F8E"
"behavior_sources\figs_data\02_cmf_long_data_260402.xlsx","165317","7DBEAEAD72C43FE91032264B6F4B0EDC70451BE6AC4A98ED615609AF66FE9797"
"behavior_sources\figs_data\02_Questionnaire_250407.xlsx","104492","A3A831A7505D201FC98B143F1F6D56F87A2812271A1AA151DB23A8939DD82ADC"
"behavior_sources\figs_data\03_var_differ_bySituation_EXP2-2_CMPD.xlsx","13122","32C573F8E62F2701BB87E06C1AE2289F7925D057A343A789C5C92B582ADCFDBE"
"behavior_sources\figs_data\04_1_var_differ_byPE_EXP2-2_CMPD_260714.xlsx","27276","C616E73F124D19566B43040DDA837D42B39D79A6E54EF04BFD5B27215E671A5A"
"behavior_sources\figs_data\04_var_differ_byPE_EXP6_PMPD_260622.xlsx","70802","BB5DD80678894C0843029E482DF25B56AF38B6F6EACC36C38BB81F389FEC16CC"
"behavior_sources\figs_data\allexps_ascertain_data_260403.xlsx","96803","5CCF5D90BD6261AE720DC553761E19A2741EA4A4F48B06AF3B1823A413EA74A5"
"behavior_sources\figs_data\EXP1_CGB_data_260312.xlsx","452774","D233FD2D94E95F57DE757CAD682B30824C597B11A45F70879C0E7CD067E1E09F"
"behavior_sources\figs_data\EXP2-2_CMPD_condilevel_data_260121.xlsx","81025","F3E033B8CCCF7B073F8D55D85CECD939873ADB3B3813B855FFE63CFB528624B0"
"behavior_sources\figs_data\EXP2-2_CMPD_Uncertain-to-Certain_widedata_260128.xlsx","36489","D863203EFD728A613730CC7352C795C6EFC13C7A12ABD5CF7F5A12072AFCBEA5"
"behavior_sources\figs_data\EXP4_CMB_data_260326.xlsx","275724","27E3AB098525AA9F723AC89C950C18D8BB85F85AD3E5E758EF4A0EA2FFE4DECF"
"behavior_sources\figs_data\EXP6_PMPD_condilevel_data_260622.xlsx","249074","1218B3597597C8C028C70C827C355600B43DC369F29EE49C5D2DE211DBDA4DF5"
"behavior_sources\figs_data\reciprocity_pattern_241125.xlsx","15488","1DD92C35F1D3F4E0ECB4CF0D3C748B73B5725702E953A5A207BE20724AC5185B"
"behavior_sources\figs_data\roi_decoding_acc_241120.xlsx","16794","EEAF35B7A9EC3A8AE5FAF4231D7B9C1D34A9EA184925146F46D4C87408424160"
"behavior_sources\figs_data\svm_expression_241119.xlsx","26288","76D6D31754DE420ECCA83D64A5E51C7DE896BA4F3721B27CB1B236A99945F193"
"behavior_sources\figs_subfig\pattern_1_CAAA_260615.svg","5567","6EC9436DCA825D863CC1211D9F1A03129E9642A3BB9781251C73666A0501909E"
"behavior_sources\figs_subfig\pattern_2_IAAA_250615.svg","5569","6383E46F1CFD5F67D80EE66DE6B55D44B743BC7CC1588E02C2C30BB18F2D3E16"
"behavior_sources\figs_subfig\pattern_3_SAM_250615.svg","5563","E989A15FF36214C0CDB85F309A0A2FD0B81217D018361B64F65149EF640AE887"
"behavior_sources\figs_subfig\pattern_4_SAL_250615.svg","5566","CDDD296F62383C2A30177B9A21399E9373C25914886149387F6EFC7D266C270C"
"behavior_sources\figs_subfig\pattern_5_NA_250615.svg","5539","A399DB6D3A6DBB7327B806E0DC3BECCA6832620824C4F0E2FE069597E96C94B2"
"behavior_sources\figs_subfig\pattern_6_SAA_250615.svg","5558","0812B1B5D9CBBAFAB28BCE1DEE8FB1B16940AFA49344E906704291F686CECF07"
"current_model_sources\01_data\ascertain_all_trialdata_260206.xlsx","458051","84388DFB5A6EB7503DF44D26CBE1F047670FB775D5EA2051225980D47FCBFB8C"
"current_model_sources\01_data\EXP2-1_CMPC_AscertainStage_triallevel_data_251110.xlsx","517111","2BB24F979FA95A88923C676E211C3DD3C8C9DE18D2AE071AE91E512DA67EB798"
"current_model_sources\01_data\EXP2-2_CMPD_AscertainStage_triallevel_data_251215.xlsx","370027","491AE2DC7F2C70C1DF278FCCCF3286C5D4ED1DFD3E8B40DE165668F7E36F02DB"
"current_model_sources\01_data\EXP3_PMPD_AscertainStage_triallevel_data_251110.xlsx","497200","7A6CE081AD89B77D33AD488892B88E55B21355B2743B74E8592958D413CD22EC"
"current_model_sources\all_subjects_parameters_extracted_260323.xlsx","1006237","8E4599423D065E919438E9C68CBAA485C36143B0542E2D7CFF0392E4C9296C06"
"current_model_sources\fitting_code\ascertain_fitmodel_260618_EXP6.Rmd","82268","797261F2434611FF40E9365147A3D8E3573EE85FF7E47A65A44FE2D34A0EDBB6"
"current_model_sources\model_result_260413.xlsx","23418","E731353F45B1270A53D4134BD20042AA1A399F00A6A28B3BB820DF67B8916918"
"current_model_sources\param_recovery_260621.Rmd","33593","AA6F89D23002038CC186829E08E733AD86E194F2FB4428B9862471C364E1710C"
"current_model_sources\plot_model_comparison_bar.R","5444","03A48F552BB3A89EF72BC0742E5E65AB3CE779B2D6B3E609AD9C26D3142644B0"
"current_model_sources\plot_model_comparison_bar.Rmd","6477","21C37F50111403A48D5BBED1266814B2F75A62CA7AE43BC92F87D296C77BE7FC"
"current_model_sources\plot_subject_parameters_from_stan.R","9218","3D9DF47CC835D608920405CDCD132267EF8D65DBA25D63478B3E46738C364334"
"current_model_sources\plot_subject_parameters_from_stan.Rmd","9968","5769C045A0A754EA26569F514F8B8BC5B22E318C1A011D454C06CA4DC500392F"
"current_model_sources\ppc_nature_figures_260621.Rmd","12758","096C3DB731A7AA7DB276A160FF2234E9766516F4EAB595DA943F3B5B9216AA1C"
"current_model_sources\RUN_INSTRUCTIONS.md","740","59D943BA69347D044D57BB9AFC42DF4DBE97E09FADBFD4E8126DD3D31C83EE7B"
"current_model_sources\stan_models\model_ascertain_1_260402.stan","2479","B4848CEF1AD36F368D06C4794C7F5D01261C7646D55980253D1B1466780E5E3B"
"current_model_sources\stan_models\model_ascertain_10_260402.stan","2718","286EB45A01FA85B722889EE001B5FD9CCFC85AF127D04CFA127C059C0998D68D"
"current_model_sources\stan_models\model_ascertain_11_260402.stan","2655","4EC60F8DD93C34B3E552E58AE9B1782558C0036068AA6C651963F076EE5582A0"
"current_model_sources\stan_models\model_ascertain_12_260402.stan","2438","43790651B09859ECD4446498BA9EB57F9C11FA9A7333A7F65442E31E86448FF8"
"current_model_sources\stan_models\model_ascertain_13_260402.stan","2786","4BCFA20D50DF7F130CEAFF05E432A893D6A210EBF8DD3444AFC50619BD1157DB"
"current_model_sources\stan_models\model_ascertain_14_260402.stan","3629","E8C6041FE48F961840CF79CAF0A06459A5AD83180235E0CD8D98F30721E0C43D"
"current_model_sources\stan_models\model_ascertain_15_260402.stan","3193","87B146D45544EE98B4A4FC8A9009971B00DF7887CC657050C428479041FFEC6D"
"current_model_sources\stan_models\model_ascertain_16_260402.stan","3215","980D0EC0E2BFB7C2DF7AB9F6433005F8A590C96FBE33CDEA5D9EADB7E7C3DC6D"
"current_model_sources\stan_models\model_ascertain_17_260402.stan","3445","74A5406C4F5E631395AD52E8005DD74F4ED4D9BCE2EAB93B5DC18805CDA9FB9C"
"current_model_sources\stan_models\model_ascertain_18_260402.stan","3818","2B373D922A2387886CAA45F7181E4D3959E6DFDC2703D8451250826B88C7D7ED"
"current_model_sources\stan_models\model_ascertain_19_260318.stan","3846","8A972F7D28DB1607E90F36368C44EF0D6B58671008A065B2B4E6C81A2D2AEF3A"
"current_model_sources\stan_models\model_ascertain_19_260402.stan","3818","041D48B28DD3DB93EBFB2E5877E419A2C1590BBD071D7E92FC9BE8004BB233EE"
"current_model_sources\stan_models\model_ascertain_2_260402.stan","3838","F9E44119FFAAD9FF0F650DE2651BC0BB219F1787152E29E62A3F2D89DA838668"
"current_model_sources\stan_models\model_ascertain_20_260402.stan","3058","A72995D0D92E7996F15D41887CF29B7D97FC6B97C95C0130FC4D766303093213"
"current_model_sources\stan_models\model_ascertain_21_260402.stan","3430","D1509211C5F7BC32FA666233B351B9C71236FDC9798BE61FB8969F366B602D59"
"current_model_sources\stan_models\model_ascertain_22_260318.stan","3445","4F351A6DC4685A142A6A39A495BEA8AA9DB8171AFC663F4EDF6B23F8C54B456A"
"current_model_sources\stan_models\model_ascertain_22_260402.stan","3430","54C7D2CB1BA5EEB8DA90C8B72C932CC940DB69301C673D7FAD580D83DC067908"
"current_model_sources\stan_models\model_ascertain_3_260402.stan","3130","5A0022AA3DC2F162FD7B4C6FF621CD3B77C4C7A21F7549AE66613F705E4F4223"
"current_model_sources\stan_models\model_ascertain_30_260402.stan","1921","C078FB8A9B37AD572CE4D770BFB465FE3A0F135408E179E5E72D2A4C453AE5F8"
"current_model_sources\stan_models\model_ascertain_31_260402.stan","1925","6B5B9EFDF518AC82DF96ED0F0DCA3617C7A466AAECA080ADB4EB4BA3B6644E16"
"current_model_sources\stan_models\model_ascertain_4_260402.stan","3128","6CC37366CBD512838125E61DA239F9F02053E064FB479EAA4265B56FCCCB661F"
"current_model_sources\stan_models\model_ascertain_41_260526.stan","3037","71F114FDA59E5F26C6D295C6CCD869C2E457B0349E54B571B5A53D8C683AFE36"
"current_model_sources\stan_models\model_ascertain_42_260526.stan","2664","2316FC2A365AE93DDCA47D46698664404B3FA39A84B6D9C36BA635C736C515D6"
"current_model_sources\stan_models\model_ascertain_5_260402.stan","2770","7538621C97B3055EDCB3B96C6D9937F57D5C738526A99B6D3AEB81791E373853"
"current_model_sources\stan_models\model_ascertain_50_260402.stan","3862","75690FAA035A7D7A88C21D51A95F995434857AC359108A44AD9CAA53E9236EB0"
"current_model_sources\stan_models\model_ascertain_6_260402.stan","3214","B2A61DBE4F9E794B17165BFBD8F0E5D29C2D04D8F59615BAB47C55A85B6825C8"
"current_model_sources\stan_models\model_ascertain_7_260402.stan","2839","A10CCB75188415AD2F705C6299926BC2B460EEF010AD41C2EE2502F9C0D3BBF4"
"current_model_sources\stan_models\model_ascertain_8_260402.stan","3186","9B41F22713B548BC5A9C35EED1597A70FF367E2D2557C80F2D6F221B777DB4D7"
"current_model_sources\stan_models\model_ascertain_9_260402.stan","2176","9EC97F632DB78D61DA538F9B283616D6D6F71F7F621D008627E97DA6339562BD"
"final_manuscript_figures\Fig1_Procedure.tiff","18569920","6F37B3D5C4C78A6020F5473E5909010C65D19F38F385ACD11D76A319052533B6"
"final_manuscript_figures\Fig2_Experiments1-5.tiff","31220528","B3ACF62F245F1FAB9F29C4A551A72CF781432DA7B1E14F1D4C9978D999674F81"
"final_manuscript_figures\Fig3_Model Results.tiff","33057044","136DACE6CC8BD3161BFDB772095E5FE2F2DBD7BF462C8771E06C580F3D4E1E60"
"final_manuscript_figures\Fig4_Neural_Results_260624.tif","1679970","4E4CDB06A16673E90821B0F3AA010CB19771158BA68AE146340E3C10612ABDBE"
"final_manuscript_figures\Fig5_Experiment 8.tiff","32921296","16FA318E8E63ED03927F755DF3F32FF504DEB649AB29F65EC442E0EB6092CF84"
"final_manuscript_figures\FigS1.tif","420828","27776326C69087339DDD4F8284C7622A10BE1F22A9B5A850DC9DEB4E64035253"
"final_manuscript_figures\FigS2_model_recovery.tiff","27127032","539C0931147997E2639E2AE90AAD2288D2733CBACD84C5177EE9206A1D77D179"
"final_manuscript_figures\FigS3_Behavioral results for Experiment 7.tiff","10759056","23F0E3F70D8703AD7D59824970D4F79AD4823EB83FFE6588E4F91980B8A0A247"
"final_manuscript_figures\FigS4_250411_Within-subject representational similarity analysis in fMRI.tif","1323460","9ADC70C714119482DC2A2834FA5ACBA466CA713F7E0BA52299AA2D68A8E936E3"
"neural_sources\03_rsa\241011_rsa_6Onset_gratitude\WSRSA_condition_results_20241011_6Onset\Gratitude_r_p_100000_241103_roi148.csv","1841","BA2C0A50DD017E898FE319494005D9E1B83771F0ABB8906B8F81B6AFFC56DF75"
"neural_sources\03_rsa\241011_rsa_6Onset_gratitude\WSRSA_condition_results_20241011_6Onset\Gratitude_r_p_100000_241103.csv","6578","D381F331BE12F79A8A4A188AF04D5E654C19C8F41A1AF7416D1C37B988274417"
"neural_sources\03_rsa\241103_rsa_12Onset\WSRSA_condi_results_241103_12Onset\Allocation_r_p_100000_241103.csv","8352","B5A30B3107A73BEF3220355DB694751D6B19EADDBA2130616083E3C8F1AE0FF4"
"neural_sources\03_rsa\241103_rsa_12Onset\WSRSA_condi_results_241103_12Onset\Allocation_r_p_100000_241103.xlsx","21879","305CE7B52AF90D58C73581721A032861F7AFC5C65650C94E834BB20564C875BF"
"neural_sources\03_rsa\241103_rsa_12Onset\WSRSA_condi_results_241103_12Onset\Cost_r_p_100000_241103.csv","6542","B9389D5A5D5CCE1DE5AE3A1E8963955642BF5ACE6A5A68F3BDC4927D90A20F46"
"neural_sources\03_rsa\241103_rsa_12Onset\WSRSA_condi_results_241103_12Onset\Gratitude_r_p_100000_241103.csv","8473","3FD2E86D4C263CE4C8A4E371B407B8F644AF6E81617B153AC5B72218C09342CF"
"neural_sources\03_rsa\241103_rsa_12Onset\WSRSA_condi_results_241103_12Onset\Intention_r_p_100000_241103.csv","6499","6F7CAFF87B47107852FFB154C0E50F61154EB53AF9AAC2A4030E53E0C1DB3ED8"
"neural_sources\03_rsa\behavior_rsa_anova_fig.ipynb","7266165","C83C47B0624F0785F2A71704095FF2BB34D78E3C573CAB1DD766452F78E18860"
"neural_sources\03_rsa\CMF_WSRSA_CondibyCondi_241103_12Onset.ipynb","10846407","69D77F150ED95C08165206318B9A70B864D0C54A290342683B82D1B4ACBD06FC"
"neural_sources\03_rsa\CMF_WSRSA_CondibyCondi_241106_6Onset.ipynb","6941110","76AD0689B70192DFA6F609A926ADE10E5FFF6E30535D3E5A792097A546C46DAF"
"neural_sources\03_rsa\extract_rho_value_241230.ipynb","256881","28BD9395976568A39FDB8F60ADBC966B21A6D576199A67E24626389AD03CBD03"
"neural_sources\03_rsa\fig\fig4_Within-subject representational similarity analysis in fMRI.svg","1526283","AB689B6EFED06A7EAABF3A0B5D39953F306E1F8DAA45C240908E6470B2E998B6"
"neural_sources\03_rsa\fig\forfig_behavior_condi_info_241107.xlsx","90033","011A68AB8F016A90571FFD28FDD1908D1F28F77D71171B66167CEA961B995F9E"
"neural_sources\03_rsa\fig\rdm\allocation_rdm_241114.pdf","64763","8E5A2A206D5FEF4BB69372968C9C0DFB3EA916DC132D4A8933B10DE14B358AB7"
"neural_sources\03_rsa\fig\rdm\allocation_rdm_241114.png","2280146","68F1BD430F0C0536FC881FB35318A7AFF45BF9E099D91DB9CC9E827E745AA443"
"neural_sources\03_rsa\fig\rdm\allocation_rdm-1.png","2109238","C2E2CD28952BA7536977BB7C2A8C7974C8270D157A2273AB7E4811E406F74BEF"
"neural_sources\03_rsa\fig\rdm\allocation_rdm.pdf","45046","7AE55BC452B2A74F821511F2C5504F40A5E46C27D36E6AE8072E788ADFFB3FFC"
"neural_sources\03_rsa\fig\rdm\allocation_rdm.png","2030175","D5E71C629CC23C183C30186FD7A2C5EF62914ECD6BFB4A8369379A694963C17A"
"neural_sources\03_rsa\fig\rdm\brain_rdm_1.pdf","44138","A80A9A6E78355CB7679D73458A71F73C73CA00E70DA87FC1D3E085EC97DC4699"
"neural_sources\03_rsa\fig\rdm\brain_rdm_1.png","2101299","B3C4619067B782D534E70A4706C1EA47F2D008E0B2400D5EFAAC84848C081EA7"
"neural_sources\03_rsa\fig\rdm\brain_rdm_2-1.png","2101370","123FDCBD323759EDD52CE321D37843409C8280A41DBDAEE0B5C43EACA6F8EC2A"
"neural_sources\03_rsa\fig\rdm\brain_rdm_2.pdf","44306","5404F7A4BE1A82E9E915627FFA3AD4372C3F4D45D9ACEC2266E75169D32B03C5"
"neural_sources\03_rsa\fig\rdm\brain_rdm_roi052_241114.pdf","62595","C60272868A01051E355EA077C9C89654E3AF430B4B72DC633F6768594DAFC2BE"
"neural_sources\03_rsa\fig\rdm\brain_rdm_roi052_241114.png","2587248","19702F3CA8BFBD8921324EB3C9565D94A57C1976BA5B99C7B172B31F81CAAFE1"
"neural_sources\03_rsa\fig\rdm\brain_rdm.pdf","56286","23A17DD63FDDE9B4DC424EDD3BE8274E0776C8A28EF56BCDC93E7754E9CBE9E5"
"neural_sources\03_rsa\fig\rdm\brain_rdm.png","2112516","358D6C6DD562F725D7349E59C61D23CCAC2F13A36FC526ED22BB6B9B87BDBCD1"
"neural_sources\03_rsa\fig\rdm\cost_rdm_241114.pdf","63408","F1349949EA6CEB90BF2F7DCE70C5750AFD522A2AEADB391A1FC51DEFA2AFFD26"
"neural_sources\03_rsa\fig\rdm\cost_rdm_241114.png","2206616","0566F64858EC4BBDAF89E6D6B9CA240C635D6AE99F4EDD6ABD957ABCC6DEBCF1"
"neural_sources\03_rsa\fig\rdm\cost_rdm.pdf","43139","F403A4C3E7A865905DCE7A6CA848F001842FB8272EA124B3DD0D0D1F7C7C9C86"
"neural_sources\03_rsa\fig\rdm\cost_rdm.png","2074108","24681CC491D569DC29B90F48651CEA5F23CCA68D299117B1C102D3093BC3583F"
"neural_sources\03_rsa\fig\rdm\gratitude_rdm_241114.pdf","60508","C42F2E38160DF29DA1233EA1011CD7D4E1DCED153D3688D016894304F32AD2E4"
"neural_sources\03_rsa\fig\rdm\gratitude_rdm_241114.png","2372749","1B287CCBB5773BDEF3625307E7C6D23BC2BC64E4F27BC86DEEE4C21412DD717A"
"neural_sources\03_rsa\fig\rdm\intention_rdm_241114.pdf","64560","139A46652D0463916FE4F79FA653754EEA26F928F9882EF594F99F5646E2A255"
"neural_sources\03_rsa\fig\rdm\intention_rdm_241114.png","2362758","32E44CA6618D5E90249FE399951BFFC6713BEC100D2B9863933EE6AACC6351FA"
"neural_sources\03_rsa\fig\rdm\intention_rdm.pdf","44856","85405ABB93EAF7CFC32EE6C2F435286DD50555F60F1A484F809405403C214F41"
"neural_sources\03_rsa\fig\rdm\intention_rdm.png","2146894","C92E8C35770FCA261C15C4DADF1D62247A853B5F19CA64466B4274C7E736EA5C"
"neural_sources\03_rsa\fig\rdm\rsa_result_fig_241107\幻灯片1.EMF","117752432","04AB446F7D84A1D556CB80244DD2D416C3B5661CFFC2196ABFA71482ADB24CFD"
"neural_sources\03_rsa\fig\rdm\rsa_result_fig_241107\幻灯片2.EMF","66082012","7BCCF91D2CB3413E3A2FB3FD8FC3BCD9E3CE72C952E1CB8FC7F2CB6A65165CB9"
"neural_sources\03_rsa\moveFile_6Onset.ipynb","88216","92AA50ACD0A802602FA40A8CEF66BC5EC3A453B25F818E4CEF097FD8B4675E0F"
"neural_sources\03_rsa\rsa_rho\Allocation_ROI_11_194_rho_value_241230.xlsx","20314","633E794757DA7723A85EA53064AB20E4E8B355105CD471679B45FD89CE38D51C"
"neural_sources\03_rsa\rsa_rho\Cost_ROI_27_136_rho_value_241230.xlsx","23400","91AC35967D33C93AADAD3FD646B2A788E0AA795878FF4A4EFA882E3620D41A47"
"neural_sources\03_rsa\rsa_rho\Gratitude_ROI_98_148_rho_value_241230.xlsx","23452","214D1133E91A11AC2B502249249E518EDA0B88F64B67CD7A9CEF086A55EFE40A"
"neural_sources\03_rsa\rsa_rho\Intention_ROI_3_52_rho_value_241230.xlsx","23543","33E710861717D0916D96603ACDEDF867D2ACF327F83D84627D00CAEC01E05955"
"neural_sources\03_rsa\rsa_rho\ROI_11_rho_value_241107.xlsx","9643","2882FE5A3A738055ECB82C463C498E0D647E9B2DB2A8806D5C950A001641F136"
"neural_sources\03_rsa\rsa_rho\ROI_136_rho_value_241107.xlsx","9641","13EEF8659969576802D3BDEB1BAE6A3AAA14FA32BE7031E22DAC814931BC176D"
"neural_sources\03_rsa\rsa_rho\ROI_148_rho_value_241107.xlsx","9634","45800C4C1EE7924017DE0FD70F52F2F2F7227E93CF5A64763331B21997CD6B8E"
"neural_sources\03_rsa\rsa_rho\ROI_194_rho_value_241107.xlsx","9622","1CEAFF8889DBF21623DDC295685D5B2BA6B6E036D69D749A11263489C5AA5F8E"
"neural_sources\03_rsa\rsa_rho\ROI_27_rho_value_241107.xlsx","9638","437D8E26D70EDCB5487FE4B3A030C3289D0DCE530E6C3A0A69521C704B34D819"
"neural_sources\03_rsa\rsa_rho\ROI_3_rho_value_241107.xlsx","9641","D8F52D318C02B317AFB13ACA45C84E9BF8F8AE1F489163B53376D2E5EC66D149"
"neural_sources\03_rsa\rsa_rho\ROI_52_rho_value_241107.xlsx","9621","DE454FCE0522BE4D27E919BC1E7A6312EA3B75A79BE82C8C1C5B309FB71E5937"
"neural_sources\03_rsa\rsa_rho\ROI_98_rho_value_241107.xlsx","9633","702F377F7EDC1D12F41C4983A51C855FA640FDC148AA203DDF6F1E88E22386D6"
"neural_sources\03_rsa\rsa_rho\rsa_rho_fig_250309.Rmd","27879","43F52297DA25F13A692C05DBFCD8951B1290E6168BD762839CD79A2E2ACAD61B"
"neural_sources\03_rsa\rsa_rho\rsa_rho_graph\Allocation_ROI_11_194_rho_result_241230.svg","58939","9564BF8A39933630A6D45E48B5944EA691D117AD6CD535B0F21B9EE753AD7005"
"neural_sources\03_rsa\rsa_rho\rsa_rho_graph\Cost_ROI_27_136_rho_result_250309.svg","59719","5155AB1E956CF750DAA1B35436BD5FAF87C360A86B02E82072A14EFF38B818C4"
"neural_sources\03_rsa\rsa_rho\rsa_rho_graph\Gratitude_ROI_98_148_rho_result_250309.svg","58681","0E3DC2A64B5E0B424F240ACB74CD852757C26D92913072E0E4EE1AB8D5C1034C"
"neural_sources\03_rsa\rsa_rho\rsa_rho_graph\Intention_ROI_3_52_rho_result_250309.svg","59257","E0899197C3878BCF7F86F8D8094A8D6259B238BEC4D1F454A8C206D95C44D0BA"
"neural_sources\03_rsa\rsa_rho\rsa_rho_graph\rdm_fig\幻灯片1.PNG","240820","D3646BC2462931C81F43EA4F2B3CD5C6D911F3982D7FF747AAD5AA56E1CA0D62"
"neural_sources\03_rsa\rsa_rho\rsa_rho_graph\rdm_fig\幻灯片2.PNG","192188","444B820E2691AB21F562546EA392ADB71D8EE8EF21629D49DD702D54E0E12D3E"
"neural_sources\03_rsa\rsa_rho\rsa_rho_graph\rdm_fig\幻灯片3.PNG","196725","EB1DDBB977587E0E6A5E77B988EF2E2544AE3CDC7503050DC31C4B365DE2F4BC"
"neural_sources\03_rsa\rsa_rho\rsa_rho_graph\rdm_fig\幻灯片4.PNG","220494","EE7BBF46695FCBC8E9C098EB9FBD28520C301C29E9D3AD2F4A36380BF872D819"
"neural_sources\03_rsa\rsa_rho\rsa_rho_graph\rdm_fig\幻灯片5.PNG","210637","4E38A9BE81FF3284385D76AA77D471C5A6563CA47E07A51B86E50C39B3564C0E"
"neural_sources\03_rsa\rsa_rho\rsa_rho_graph\rdm_fig\幻灯片6.PNG","181375","385077D05911116F1AAD89DB429D4FD3DEB1C260ECABE736F775147C7A5DA35E"
"neural_sources\03_rsa\rsa_rho\rsa_rho_graph\sig_result.xlsx","11801","22FC9992407921554525D2404C0E71764215B3ACBA6BDBDA5E8E4A7E18B65042"
"neural_sources\03_rsa\rsa_surface_plot_241006.ipynb","40287994","7C5DBAD3D49C4940B08F4960F8B5BBA9D5D1DD1348B1B90A8228C082B02CDF72"
"neural_sources\04_mvpa\240614_MVPA\cross_svm_results_20240614_wholebrain.csv","1304","BD28E9C83CDFB7DAD7064B686C6C1298441917C72AB8DF0D2665985620578315"
"neural_sources\04_mvpa\240614_MVPA\fig\certain_pattern_expression_fig_250309.svg","34517","E69826BCEB1E370CA85CD7CE86DA6868E97D390C82AD874CFB9BD219925B9663"
"neural_sources\04_mvpa\240614_MVPA\fig\certain_pattern_expression_fig_250313.svg","34555","C33334788E73952266A81B896F081142B40C96463D1E079D2F71AE6BE958AC43"
"neural_sources\04_mvpa\240614_MVPA\fig\uncertain_pattern_expression_fig_250309.svg","34950","17DEE1582D2ED4022A8CB92C2079D12F73503EFB28CC81B914AF97876EB07150"
"neural_sources\04_mvpa\240614_MVPA\fig\uncertain_pattern_expression_fig_250313.svg","34986","A65D22205573166354922204172C6635CAF718E5CAEA3CBFFB76930E2827C460"
"neural_sources\04_mvpa\240614_MVPA\pattern_expression_fig_250309.Rmd","11706","C00CD7D72C7213520FAAB3C436FF09F3D2D7BFFB44A474420B56D2A2462345E5"
"neural_sources\04_mvpa\240614_MVPA\result\certain_svm_expression_241119.xlsx","9443","4C4847CB1CBAFE5D6B30D89A04A5B6BDCBE8C3E456D6A37F1BF5EB7953A29E7A"
"neural_sources\04_mvpa\240614_MVPA\result\risky_svm_expression_241119.xlsx","9456","3EA7CCAD5846A340D0F94A48637624FF029F468992AE9C2D917DBB56BBDB682D"
"neural_sources\04_mvpa\240614_MVPA\svm_results_241116_wholebrain.csv","1328","FAF659BBCEF15961314730BB2EF0A7E0ED071B8512DBBF4573906D62CEC73A99"
"neural_sources\04_mvpa\CMF_MVPA_260621_cost.ipynb","3877738","25C556342F97724C4AB217E87A56A70EDFD45F5850864EC842281902344550AE"
"neural_sources\06_decoding\decoding_radar_250309.svg","477936","71D1424402CCFCD3204FB2613A1015A421B2FE1D00F16711730CB7581404A74C"
"neural_sources\06_decoding\Neurosynth_Decoder_20240902.ipynb","1741946","8907521CF75E1499240977986C4F3CD2D2D3848721377DC89A8F49B40476E670"
"neural_sources\06_decoding\neurosynth_decoder_data_20240901.xlsx","43341","0C8E945AED5FCB67C5BE9259EAF4B86938000CB09594CEBFED24E89E68DF8189"
"neural_sources\README.md","1042","47E35B0153A0C170ED725DCD734B3CC6A2939EE5C07E66F6C0027DE5C1D1A965"
"README.md","504","C58B740B8E283A67B483D6D80A23EC6DE333AFDF54FEC917F0BD5BA5C7E117E7"
