mean,p
-0.03061170668816308,0.13333866661333388
-0.049057489822056974,0.0006199938000619994
-0.03865495162531441,0.053119468805311945
0.00909191384490226,0.7122328776712233
-0.08612560326781135,9.99990000099999e-06
-0.01843411957762792,0.45245547544524556
-0.05896001477779839,4.999950000499995e-05
-0.03889004218855968,0.008479915200847992
0.02203791885520736,0.3232667673323267
-0.02631014744854233,0.1906480935190648
0.04600076159781491,0.06443935560644394
0.022754766814092203,0.44509554904450954
-0.0011107399429886844,0.9407805921940781
-0.04728932832950855,0.012159878401215988
-0.05487566893967771,0.000949990500094999
-0.023008211734719477,0.2950870491295087
0.0027847693747991933,0.8876611233887661
-0.09286253131013503,9.99990000099999e-06
-0.037611840459804195,0.1058689413105869
-0.03011285761460216,0.15767842321576783
-0.013942109008313596,0.44263557364426354
-0.017015031391445782,0.4994550054499455
-0.03881092097855926,0.017849821501784983
-0.08659869462710702,2.999970000299997e-05
0.025919733061174306,0.22752772472275276
-0.03416535082890801,0.028129718702812972
-0.05959061858519582,0.013249867501324987
-0.05927828352026945,0.0025999740002599974
-0.033024816361263996,0.14225857741422585
-0.04071657760142515,0.026559734402655973
-0.0405990905739499,0.03107968920310797
-0.006399137806007584,0.6955130448695513
-0.07171712723228947,9.99990000099999e-06
-0.02033674944454664,0.14468855311446885
-0.05652782650750165,0.003919960800391996
-0.038140598386349325,0.02874971250287497
-0.0787264882435452,0.0006699933000669994
-0.037716187802535654,0.044189558104418956
-0.004783969973957538,0.7958420415795842
-0.03932289382883382,0.09474905250947491
-0.02335640364935381,0.28265717342826574
-0.00318678122201232,0.8732812671873281
-0.016147510433405676,0.40708592914070857
0.03448852808543097,0.13846861531384685
0.017269455165685225,0.3471965280347197
-0.0015818213287148236,0.9416905830941691
-0.019588304108612665,0.2882771172288277
-0.002353657693567853,0.8993010069899301
-0.07245972362423592,1.999980000199998e-05
-0.01278325803692518,0.5519744802551975
-0.024621568130332058,0.14576854231457687
0.012372133264194457,0.5898741012589874
-0.03578935122083328,0.12557874421255788
-0.06568430589586886,2.999970000299997e-05
-0.017319555190635435,0.3788462115378846
-0.09078688092437343,9.99990000099999e-06
-0.07617782060979776,4.999950000499995e-05
0.03192472498261793,0.13115868841311587
-0.0652828862600301,0.001149988500114999
-0.05405665468696375,0.0007799922000779992
-0.017435044076759193,0.45056549434505655
-0.07249722988632214,4.999950000499995e-05
0.03174627691863836,0.15387846121538784
0.007973797132212026,0.6343336566634333
-0.035062996085351766,0.08676913230867692
-0.07149094635366034,0.0008599914000859991
0.012320959622806155,0.6189138108618913
-0.02194433996682396,0.2878071219287807
-0.021672915842835476,0.28256717432825673
-0.006808143498795882,0.7777522224777752
-0.01524387211177336,0.43165568344316557
-0.03812518306719053,0.028459715402845972
-0.049977958826155675,0.011599884001159988
-0.06342958039331356,0.0014599854001459986
-0.021804869109174316,0.1954680453195468
-0.0009012196695295522,0.973530264697353
-0.01679141347682356,0.3049469505304947
-0.007819705364578891,0.7037229627703723
-0.036581263106299014,0.038369616303836965
-0.03869317561952851,0.035589644103558964
0.0053516441342463415,0.7881721182788172
-0.030364230674998625,0.07311926880731193
-0.09200008701432276,9.99990000099999e-06
-0.05038717888301512,0.0059899401005989944
0.022761354287918513,0.2585774142258577
-0.045763432095243084,0.015679843201567983
-0.007668406703608871,0.7248127518724813
-0.03128504502606483,0.08361916380836192
0.00771734071174749,0.7752122478775212
-0.03716165273463991,0.07885921140788592
-0.045831656015125385,0.016849831501684984
0.014040091852769528,0.5936440635593644
-0.049518982605633644,0.0052699473005269944
-0.0015276596775256966,0.9560504394956051
0.01793591944079857,0.4360556394436056
-0.06810605504008631,5.999940000599994e-05
0.014291522350798553,0.46426535734642654
-0.10040033339793938,9.99990000099999e-06
-0.013162741233953544,0.5580544194558055
-0.03973725165724996,0.053489465105348945
-0.06356991044337,0.001089989100108999
-0.015253982404903079,0.4852151478485215
0.001633785269926401,0.9346906530934691
-0.0911598094637732,9.99990000099999e-06
0.00717914061840742,0.7784722152778473
-0.006545371756226279,0.7297427025729742
-0.03286272454512138,0.058869411305886944
-0.07910728547065973,2.999970000299997e-05
-0.004751464073057715,0.8197918020819792
-0.006417127374931879,0.7317026829731703
-0.02224929320909571,0.2904870951290487
-0.032445201333412166,0.04699953000469995
0.034965926572764754,0.17204827951720483
-0.02847599705223342,0.04049959500404996
-0.025516378510361485,0.21009789902100978
-0.048268635215424315,0.00967990320096799
-0.03554594591026762,0.07383926160738392
-0.007816499310455843,0.7343726562734373
0.04648142000634314,0.06340936590634094
-0.04503404809101918,0.023849761502384974
-0.04916189581629451,0.024109758902410974
0.028567796227679895,0.23812761872381277
-0.046875908764340835,0.007529924700752992
0.01415304880171171,0.5646243537564625
-0.02353870694039064,0.15786842131578685
0.026737595650938632,0.2524874751252488
-0.01863581503906353,0.31772682273177266
0.007835815291040847,0.6547334526654733
-0.06458456249969213,0.0006399936000639994
-0.0038708458183650913,0.8413415865841342
-0.011517329651818982,0.5289547104528954
-0.005912675751299934,0.8332916670833291
-0.023087156895207597,0.26464735352646473
-0.006183825782076842,0.7689523104768953
-0.04732945465335452,0.006449935500644994
-0.04121734496376031,0.02751972480275197
0.0033921429111586883,0.9040809591904081
-0.021767667153089885,0.22439775602243978
-0.023513141362950376,0.21805781942180577
0.02611170812379218,0.26599734002659975
-0.011977944872281128,0.5744542554574454
-0.007999742765600283,0.6845631543684563
0.007228099754006525,0.8030119698803012
-0.0417886182628376,0.03398966010339897
0.021122499522911148,0.3471765282347177
0.0023460906773387557,0.8969510304896952
-0.021813863876089103,0.21666783332166678
-0.03245744416952824,0.06682933170668294
-0.09921063784463212,9.99990000099999e-06
-0.065130413155739,6.999930000699993e-05
-0.014473019245818109,0.6119138808611914
-0.010548108863343153,0.5875141248587514
-0.0971462975763234,9.99990000099999e-06
-0.014913377137254767,0.5043749562504375
-0.03971173301776102,0.03188968110318897
-0.04858776547973003,0.00034999650003499967
-0.030023507638574014,0.11706882931170688
-0.026325982918165458,0.12514874851251487
-0.005461852527832397,0.7954820451795482
-0.04317346616049938,0.008619913800861991
-0.0075306081153057505,0.7497125028749713
-0.030474665142542923,0.15754842451575485
-0.013174370001076604,0.5611143888561114
0.012297126809727204,0.5545544544554555
-0.028283525282219203,0.15052849471505286
0.015706165294725703,0.6081539184608153
-0.06374721035427679,0.0016999830001699983
0.017961785052340584,0.48026519734802653
0.035593960719404974,0.21455785442145578
0.022933007233559656,0.27606723932760674
-0.0513234278503777,0.0016099839001609984
0.02150421558453807,0.4299357006429936
0.007729721072911915,0.7028129718702812
0.02007077060779263,0.4014159858401416
-0.011946083421519033,0.43930560694393056
-0.002403032450406688,0.9064109358906411
0.014678241895177023,0.45725542744572556
-0.007543005740214933,0.7321726782732173
0.033661243390372124,0.18096819031809683
-0.06758952730823373,4.999950000499995e-05
-0.0266741393297346,0.13935860641393585
-0.01905121569243358,0.34320656793432064
-0.07346687372428522,0.00037999620003799963
0.01698172310192385,0.44832551674483256
-0.05969010263090069,0.00010999890001099989
-0.020970053212147077,0.28980710192898074
-0.004351447423619393,0.8277917220827792
-0.06684023628248588,0.0008399916000839992
-0.02827809514659433,0.17672823271767282
-0.01725441374179848,0.34714652853471467
0.003886530617952067,0.8580214197858022
0.029375808543598655,0.18603813961860383
-0.001274642767860965,0.95330046699533
0.02603161303694883,0.1985280147198528
-0.022767156401292937,0.23510764892351077
-0.0594613326931171,6.999930000699993e-05
-0.012847408181463713,0.5480445195548045
-0.009489225188026681,0.6710632893671064
-0.07320385645415972,9.99990000099999e-06
-0.022262683223994054,0.30106698933010667
